<structural-specification>    

        <role-definitions>
            <role id="customerCartManager" />
            <role id="customerCheckoutManager" />
            <role id="customerWalletManager" />
            <role id="customerOrderSender" />
            <role id="customerOrderReceiver" />
            <role id="customerUserAgent" />

            <role id="creditCardEmployee1" />
            <role id="creditCardEmployee2" />
            <role id="creditCardEmployee3" />

            <role id="amazonWorker1" />
            <role id="amazonWorker2" />
            <role id="amazonWorker3" />
            <role id="amazonWorker4" />
            <role id="amazonWorker5" />

            <role id="carrierWorker1" />
            <role id="carrierWorker2" />
            <role id="carrierWorker3" />
            <role id="carrierCustomerCareRepresentative" />
        </role-definitions>

        <group-specification id="collaboration_group">
            <subgroups>
                <group-specification id="customer_group">
                    <roles>
                        <role id="customerCartManager" min="1" max="1" />
                        <role id="customerCheckoutManager" min="1" max="1" />
                        <role id="customerWalletManager" min="1" max="1" />
                        <role id="customerOrderSender" min="1" max="1" />
                        <role id="customerOrderReceiver" min="1" max="1" />
                        <role id="customerUserAgent" min="1" max="1" />
                    </roles>
                </group-specification>
                <group-specification id="credit_card_group">
                    <roles>
                        <role id="creditCardEmployee1" min="1" max="1" />
                        <role id="creditCardEmployee2" min="1" max="1" />
                        <role id="creditCardEmployee3" min="1" max="1" />
                    </roles>
                </group-specification>
                <group-specification id="amazon_group">
                    <roles>
                        <role id="amazonWorker1" min="1" max="1" />
                        <role id="amazonWorker2" min="1" max="1" />
                        <role id="amazonWorker3" min="1" max="1" />
                        <role id="amazonWorker4" min="1" max="1" />
                        <role id="amazonWorker5" min="1" max="1" />
                    </roles>
                </group-specification>
                <group-specification id="carrier_group">
                    <roles>
                        <role id="carrierWorker1" min="1" max="1" />
                        <role id="carrierWorker2" min="1" max="1" />
                        <role id="carrierWorker3" min="1" max="1" />
                        <role id="carrierCustomerCareRepresentative" min="1" max="1" />
                    </roles>
                </group-specification>
            </subgroups>
        </group-specification>

    </structural-specification>

    <functional-specification>

        <scheme id="customer_sch">
            <goal id="placeOrder">
                <plan operator="sequence">
                    <goal id="browseProducts" />
                    <goal id="addItems" />
                    <goal id="checkout">
                        <plan operator="sequence">
                            <goal id="payOrder" />
                            <goal id="sendOrder" />
                        </plan>
                    </goal>
                    <goal id="receiveItems" />
                </plan>
            </goal>

            <notification-policy id="np1" target="payOrder" condition="scheme_id(S) &amp; failed(S,payOrder)">
                <exception-specification id="paymentRefused">
                    <exception-argument id="balance" arity="1" />
                    <raising-goal id="raisePaymentRefused"/>
                    <handling-goal id="retry" />
                </exception-specification>
            </notification-policy>

            <notification-policy id="np2" target="retry" condition="scheme_id(S) &amp; failed(S,retry)">
                <exception-specification id="checkoutFailed">
                    <raising-goal id="raiseCheckoutFailed"/>
                    <handling-goal id="cancelOrder" />
                </exception-specification>
            </notification-policy>

            <notification-policy id="np3" target="receiveItems" condition="scheme_id(S) &amp; failed(S,receiveItems)">
                <exception-specification id="itemsNotReceived">
                    <raising-goal id="raiseItemsNotReceived"/>
                    <handling-goal id="requestRefund" />
                </exception-specification>
            </notification-policy>

            <mission id="mCustomer1" min="1" max="1">
                <goal id="browseProducts" />
                <goal id="addItems" />
            </mission>
            <mission id="mCustomer3" min="1" max="1">
                <goal id="payOrder" />
                <goal id="raisePaymentRefused" />
            </mission>
            <mission id="mCustomer2" min="1" max="1">
                <goal id="checkout" />
                <goal id="raiseCheckoutFailed" />
                <goal id="retry" />
            </mission>
            <mission id="mCustomer4" min="1" max="1">
                <goal id="sendOrder" />
            </mission>
            <mission id="mCustomer5" min="1" max="1">
                <goal id="receiveItems" />
                <goal id="raiseItemsNotReceived" />
            </mission>
            <mission id="mCustomer6" min="1" max="1">
                <goal id="placeOrder" />
                <goal id="cancelOrder" />
                <goal id="requestRefund" />
            </mission>
        </scheme>

        <scheme id="credit_card_sch">
            <goal id="processPayment">
                <plan operator="sequence">
                    <goal id="receiveInfo" />
                    <goal id="takePayment" />
                    <goal id="sendResult" />
                </plan>
            </goal>
            <mission id="mCredit1" min="1" max="1">
                <goal id="receiveInfo" />
            </mission>
            <mission id="mCredit2" min="1" max="1">
                <goal id="takePayment" />
            </mission>
            <mission id="mCredit3" min="1" max="1">
                <goal id="sendResult" />
            </mission>
        </scheme>

        <scheme id="amazon_sch">
            <goal id="fulfillOrder">
                <plan operator="sequence">
                    <goal id="receiveOrder" />
                    <goal id="collectItems" />
                    <goal id="placeBin" />
                    <goal id="packageItems" />
                    <goal id="sendToCarrier" />
                </plan>
            </goal>
            <mission id="mAmazon1" min="1" max="1">
                <goal id="receiveOrder" />
            </mission>
            <mission id="mAmazon2" min="1" max="1">
                <goal id="collectItems" />
            </mission>
            <mission id="mAmazon3" min="1" max="1">
                <goal id="placeBin" />
            </mission>
            <mission id="mAmazon4" min="1" max="1">
                <goal id="packageItems" />
            </mission>
            <mission id="mAmazon5" min="1" max="1">
                <goal id="sendToCarrier" />
            </mission>
        </scheme>

        <scheme id="carrier_sch">
            <goal id="shipOrder">
                <plan operator="sequence">
                    <goal id="pickItems" />
                    <goal id="loadTruck" />
                    <goal id="deliverItems" />
                </plan>
            </goal>

            <notification-policy id="np4" target="deliverItems" condition="scheme_id(S) &amp; failed(S,deliverItems)">
                <exception-specification id="itemsLost">
                    <exception-argument id="recipient" arity="1" />
                    <raising-goal id="raiseItemsLost"/>
                    <handling-goal id="notifyCustomer" />
                </exception-specification>
            </notification-policy>

            <mission id="mCarrier1" min="1" max="1">
                <goal id="pickItems" />
            </mission>
            <mission id="mCarrier2" min="1" max="1">
                <goal id="loadTruck" />
            </mission>
            <mission id="mCarrier3" min="1" max="1">
                <goal id="deliverItems" />
                <goal id="raiseItemsLost" />
            </mission>
            <mission id="mCarrier4" min="1" max="1">
                <goal id="notifyCustomer" />
            </mission>
        </scheme>

    </functional-specification>

    <normative-specification>
        <norm id="n1" type="obligation" role="customerCartManager" mission="mCustomer1" />
        <norm id="n2" type="obligation" role="customerCheckoutManager" mission="mCustomer2" />
        <norm id="n3" type="obligation" role="customerWalletManager" mission="mCustomer3" />
        <norm id="n4" type="obligation" role="customerOrderSender" mission="mCustomer4" />
        <norm id="n5" type="obligation" role="customerOrderReceiver" mission="mCustomer5" />
        <norm id="n6" type="obligation" role="customerUserAgent" mission="mCustomer6" />

        <norm id="n7" type="obligation" role="creditCardEmployee1" mission="mCredit1" />
        <norm id="n8" type="obligation" role="creditCardEmployee2" mission="mCredit2" />
        <norm id="n9" type="obligation" role="creditCardEmployee3" mission="mCredit3" />

        <norm id="n10" type="obligation" role="amazonWorker1" mission="mAmazon1" />
        <norm id="n11" type="obligation" role="amazonWorker2" mission="mAmazon2" />
        <norm id="n12" type="obligation" role="amazonWorker3" mission="mAmazon3" />
        <norm id="n13" type="obligation" role="amazonWorker4" mission="mAmazon4" />
        <norm id="n14" type="obligation" role="amazonWorker5" mission="mAmazon5" />

        <norm id="n15" type="obligation" role="carrierWorker1" mission="mCarrier1" />
        <norm id="n16" type="obligation" role="carrierWorker2" mission="mCarrier2" />
        <norm id="n17" type="obligation" role="carrierWorker3" mission="mCarrier3" />
        <norm id="n18" type="obligation" role="carrierCustomerCareRepresentative" mission="mCarrier4" />
    </normative-specification>

